{
  "/cursorX": {
    "min": -1000,
    "max": 1000,
    "value": -733.3333129882812
  },
  "/cursorScaleY": {
    "min": 0,
    "max": 4,
    "value": 2.0399999618530273
  },
  "/cursorY": {
    "min": -1000,
    "max": 1000,
    "value": -326.6666259765625
  },
  "/cropOut": {
    "minY": 0,
    "minX": 0,
    "maxY": 480,
    "maxX": 640,
    "arrayValue": [
      401.7021179199219,
      367.6595458984375
    ]
  },
  "/cursorScaleX": {
    "min": 0,
    "max": 4,
    "value": 2.320000171661377
  },
  "/ShowMapping": {"value": 1},
  "/ShowKinect": {"value": 1},
  "/cropIn": {
    "minY": 0,
    "minX": 0,
    "maxY": 480,
    "maxX": 640,
    "arrayValue": [
      265.5318908691406,
      97.02128601074219
    ]
  },
  "/contraste": {
    "min": 0,
    "max": 1000,
    "value": 980
  },
  "/ShowCursor": {"value": 1}
}